soc_code,occupation_title,category_id,education_id,employment,annual_wage,ai_exposure,ai_exposure_llm_human,ai_exposure_aioe,exposure_level,verbal_ability,quant_ability,spatial_ability,reasoning_ability,ai_exposure_llm_gpt4
11-2022,"Sales managers",9,2,619500,138060,0.483,0.483,1.266,High,3.97,3.12,1.94,3.626,0.45
11-2030,"Public relations and fundraising managers",9,2,128900,132870,0.538,0.538,1.294,High,4.093,2.815,1.94,3.733,0.556
11-3010,"Administrative services and facilities managers",9,2,422600,106880,0.452,0.452,0.74,Medium,3.97,2.685,2.19,3.283,0.396
11-3021,"Computer and information systems managers",9,2,667100,171200,0.561,0.561,1.06,High,3.938,3.06,2.06,3.661,0.53
11-3031,"Financial managers",9,2,868600,161700,0.454,0.454,1.446,Medium,3.985,3.593,1.655,3.633,0.485
11-3051,"Industrial production managers",9,2,241900,121440,0.33,0.33,0.509,Medium,3.915,3.124,2.187,3.503,0.406
11-3071,"Transportation, storage, and distribution managers",9,3,216700,102010,0.473,0.473,0.891,High,3.939,3.042,2.065,3.489,0.487
11-3111,"Compensation and benefits managers",9,2,20900,140360,0.461,0.461,1.298,High,4,3,1.5,3.196,0.513
11-3121,"Human resources managers",9,2,221900,140030,0.45,0.45,1.32,Medium,4.155,3,1.69,3.629,0.48
11-3131,"Training and development managers",9,2,46400,127090,0.477,0.477,1.284,High,4.03,2.88,1.875,3.824,0.5
11-9013,"Farmers, ranchers, and other agricultural managers",9,3,836100,87980,0.245,0.245,-0.144,Low,3.823,2.835,2.44,3.501,0.367
11-9021,"Construction managers",9,2,550300,106980,0.4,0.4,1.029,Medium,3.785,3.12,2.75,3.57,0.444
11-9031,"Preschool and childcare center directors",9,2,90200,56270,0.516,0.516,0.838,High,4.03,2.815,1.69,3.609,0.469
11-9032,"Elementary, middle, and high school principals",9,1,333300,104070,0.455,0.455,1.049,Medium,4.315,3,1.875,3.946,0.418
11-9033,"Postsecondary education administrators",9,1,226600,103960,0.476,0.476,1.461,High,4.09,2.88,1.81,3.857,0.439
11-9041,"Architectural and engineering managers",9,2,212500,167740,0.331,0.331,0.837,Medium,4.016,3.405,2.188,3.732,0.443
11-9051,"Food service managers",9,3,352800,65310,0.396,0.396,-0.121,Medium,3.782,2.94,1.69,3.214,0.417
11-9072,"Entertainment and recreation managers",9,2,43200,77180,0.382,0.382,0.83,Medium,3.78,3.06,1.815,3.431,0.353
11-9081,"Lodging managers",9,3,52000,68130,0.38,0.38,0.402,Medium,4.03,3.065,2.31,3.606,0.457
11-9111,"Medical and health services managers",9,2,616200,117960,0.371,0.371,1.26,Medium,4.25,2.88,1.56,3.626,0.429
11-9121,"Natural sciences managers",9,2,104300,161180,0.487,0.487,1.328,High,4.03,3.127,1.873,3.578,0.531
11-9141,"Property, real estate, and community association managers",9,3,466100,66700,0.432,0.432,1.215,Medium,3.938,2.685,1.875,3.339,0.443
11-9151,"Social and community service managers",9,2,219800,78240,0.446,0.446,1.156,Medium,4.095,2.88,1.75,3.643,0.393
11-9161,"Emergency management directors",9,2,13200,86130,0.6,0.6,1.031,High,4.06,2.75,2.56,3.857,0.422
13-1030,"Claims adjusters, appraisers, examiners, and investigators",5,6,365300,76790,0.495,0.495,0.969,High,3.889,2.874,2.062,3.205,0.51
13-1041,"Compliance officers",5,2,418000,78420,0.527,0.527,0.698,High,4.005,2.73,2.272,3.529,0.526
13-1051,"Cost estimators",5,2,221400,77070,0.481,0.481,1.368,High,3.875,4,1.935,3.376,0.5
13-1071,"Human resources specialists",5,2,944300,72910,0.589,0.589,1.36,High,4.028,2.315,1.625,3.211,0.644
13-1075,"Labor relations specialists",5,2,65400,93500,0.443,0.443,1.335,Medium,4.158,2.685,1.75,3.519,0.547
13-1081,Logisticians,5,2,241000,80880,0.597,0.597,1.297,High,3.905,3.417,2.123,3.625,0.528
13-1082,"Project management specialists",5,2,1046300,100750,0.4,0.4,1.297,Medium,3.905,3.417,2.123,3.625,0.55
13-1111,"Management analysts",5,2,1075100,101190,0.5,0.5,1.432,High,4.25,2.94,1.625,3.713,0.405
13-1121,"Meeting, convention, and event planners",5,2,155800,59440,0.365,0.365,0.374,Medium,4,2.94,2.31,3.624,0.486
13-1131,Fundraisers,5,2,134400,66490,0.49,0.49,1.243,High,4.062,2.685,1.685,3.446,0.519
13-1141,"Compensation, benefits, and job analysis specialists",5,2,107000,77020,0.474,0.474,1.441,High,3.752,2.94,1.5,3.286,0.474
13-1151,"Training and development specialists",5,2,452300,65850,0.592,0.592,1.198,High,4.093,2.5,1.81,3.627,0.553
13-1161,"Market research analysts",5,2,941700,76950,0.543,0.543,1.427,High,4,3.25,1.69,3.821,0.525
13-2011,"Accountants and auditors",5,2,1579800,81680,0.52,0.52,1.482,High,3.892,3.94,1.625,3.536,0.56
13-2020,"Property appraisers and assessors",5,2,77300,65420,0.518,0.518,0.841,High,3.769,3.122,2.125,3.321,0.531
13-2031,"Budget analysts",5,2,50400,87930,0.64,0.64,1.503,High,3.907,4,1.56,3.483,0.52
13-2052,"Personal financial advisors",5,2,326000,102140,0.671,0.671,1.401,High,3.97,3.5,1.5,3.539,0.5
13-2053,"Insurance underwriters",5,2,127000,79880,0.5,0.5,1.327,High,3.688,2.815,1.5,3.251,0.571
13-2061,"Financial examiners",5,2,65100,90400,0.576,0.576,1.526,High,4.093,3.5,1.75,3.749,0.5
13-2071,"Credit counselors",5,2,31800,50480,0.693,0.693,1.385,High,3.97,3.25,1.625,3.384,0.625
13-2072,"Loan officers",5,2,301400,74180,0.648,0.648,1.386,High,3.843,3.25,1.25,3.197,0.591
13-2081,"Tax examiners and collectors, and revenue agents",5,2,57600,59740,0.677,0.677,1.367,High,3.875,3.125,1.625,3.464,0.581
15-2011,Actuaries,8,2,33600,125770,0.537,0.537,1.516,High,3.907,4.375,1.75,3.714,0.5
15-2031,"Operations research analysts",8,2,112100,91290,0.629,0.629,1.4,High,4.093,4.5,1.69,3.84,0.629
17-1011,Architects,10,2,123600,96690,0.43,0.43,1.047,Medium,3.97,3.44,3.185,3.981,0.488
17-1012,"Landscape architects",10,2,21800,79660,0.368,0.368,1.034,Medium,4.03,3,2.69,3.787,0.421
17-1021,"Cartographers and photogrammetrists",10,2,13400,78380,0.46,0.46,0.817,High,3.72,2.94,2.315,3.23,0.52
17-1022,Surveyors,10,2,56100,72740,0.42,0.42,0.146,Medium,3.907,4.032,2.968,3.501,0.51
17-2011,"Aerospace engineers",10,2,71600,134830,0.518,0.518,1.339,High,3.94,3.63,2.125,3.769,0.571
17-2021,"Agricultural engineers",10,2,1700,84630,0.333,0.333,0.941,Medium,4.03,3.38,2.685,3.787,0.426
17-2031,"Bioengineers and biomedical engineers",10,2,22200,106950,0.538,0.538,0.987,High,3.97,3.63,2.31,3.837,0.59
17-2041,"Chemical engineers",10,2,21600,121860,0.346,0.346,1.341,Medium,3.78,3.875,2.185,3.911,0.462
17-2051,"Civil engineers",10,2,368900,99590,0.455,0.455,1.283,High,3.97,3.812,2.812,3.831,0.482
17-2061,"Computer hardware engineers",10,2,76800,155020,0.318,0.318,1.142,Medium,3.845,2.875,2,3.624,0.727
17-2070,"Electrical and electronics engineers",10,2,287900,118780,0.427,0.427,0.896,Medium,3.876,3.285,2.122,3.698,0.591
17-2081,"Environmental engineers",10,2,39400,104170,0.5,0.5,1.344,High,4.109,3.595,2.438,3.768,0.556
17-2111,"Health and safety engineers",10,2,23800,109660,0.568,0.568,0.995,High,3.927,3.02,2.5,3.731,0.504
17-2112,"Industrial engineers",10,2,351100,101140,0.52,0.52,1.138,High,3.921,3.188,2.25,3.616,0.554
17-2121,"Marine engineers and naval architects",10,2,8500,105670,0.404,0.404,0.547,Medium,3.94,3.625,2.78,3.742,0.421
17-2131,"Materials engineers",10,2,23000,108310,0.317,0.317,1.037,Medium,3.94,3.435,2.19,3.641,0.488
17-2141,"Mechanical engineers",10,2,293100,102320,0.501,0.501,1.005,High,3.823,3.625,2.482,3.685,0.531
17-2151,"Mining and geological engineers",10,2,7000,101020,0.5,0.5,1.347,High,4,3.63,2.63,3.893,0.481
17-2161,"Nuclear engineers",10,2,15400,127520,0.475,0.475,1.303,High,4.09,3.56,2.12,3.876,0.55
17-2171,"Petroleum engineers",10,2,19600,141280,0.431,0.431,1.248,Medium,4.123,3.25,2.315,3.714,0.528
17-3010,Drafters,10,7,192100,65380,0.492,0.492,0.892,High,3.515,2.979,2.372,3.16,0.538
17-3021,"Aerospace engineering and operations technologists and technicians",10,7,9300,79830,0.225,0.225,0.391,Low,3.848,2.755,2.25,3.411,0.325
17-3022,"Civil engineering technologists and technicians",10,7,64900,64200,0.477,0.477,0.932,High,3.782,3.69,2.81,3.377,0.591
17-3023,"Electrical and electronic engineering technologists and technicians",10,7,93700,77180,0.33,0.33,0.352,Medium,3.499,2.75,2.218,3.428,0.406
17-3024,"Electro-mechanical and mechatronics technologists and technicians",10,7,15000,70760,0.221,0.221,-0.304,Low,3.468,2.845,2.655,3.435,0.387
17-3025,"Environmental engineering technologists and technicians",10,7,12900,58890,0.434,0.434,0.044,Medium,3.72,3,2.44,3.626,0.408
17-3026,"Industrial engineering technologists and technicians",10,7,74600,64790,0.368,0.368,0.611,Medium,3.625,3.12,2.315,3.609,0.419
17-3027,"Mechanical engineering technologists and technicians",10,7,38300,68730,0.315,0.315,-0.119,Medium,3.689,3.062,2.625,3.492,0.379
17-3028,"Calibration technologists and technicians",19,7,15800,65040,0.267,0.267,0.263,Low,3.655,3.043,2.466,3.471,0.4
17-3031,"Surveying and mapping technicians",10,3,59400,51940,0.511,0.511,0.085,High,3.371,3.28,2.53,3.187,0.5
19-1010,"Agricultural and food scientists",1,2,38700,78770,0.658,0.658,0.823,High,3.999,3.252,2.228,3.78,0.456
19-1021,"Biochemists and biophysicists",1,4,35600,103650,0.443,0.443,0.906,Medium,4.03,3.565,2.19,3.964,0.455
19-1022,Microbiologists,1,2,20700,87330,0.312,0.312,0.696,Medium,4.093,3,2,3.911,0.396
19-1023,"Zoologists and wildlife biologists",1,2,18200,72860,0.524,0.524,0.318,High,4.06,3,2.44,3.607,0.452
19-1030,"Conservation scientists and foresters",1,2,42400,69060,0.424,0.424,-0.058,Medium,3.938,2.802,2.692,3.533,0.404
19-1041,Epidemiologists,1,1,12300,83980,0.558,0.558,1.436,High,4.185,3.375,2,3.964,0.442
19-1042,"Medical scientists",1,4,165300,100590,0.568,0.568,1.28,High,4.093,3.125,1.625,3.714,0.523
19-2010,"Physicists and astronomers",1,4,26400,166290,0.529,0.529,1.36,High,4.047,4.188,2.315,3.876,0.594
19-2021,"Atmospheric scientists, including meteorologists",1,2,9400,97450,0.609,0.609,1.374,High,4.218,3.125,1.81,3.589,0.565
19-2030,"Chemists and materials scientists",1,2,95500,86620,0.459,0.459,0.767,High,3.952,3.438,2.125,3.651,0.431
19-2041,"Environmental scientists and specialists",1,2,90300,80060,0.71,0.71,1.014,High,3.992,3.202,2.157,3.572,0.522
19-2042,Geoscientists,1,2,25100,99240,0.478,0.478,0.714,High,4,3.435,2.44,3.749,0.467
19-2043,Hydrologists,1,2,6300,92060,0.531,0.531,0.641,High,4,3.565,2.375,3.68,0.5
19-3011,Economists,1,1,17600,115440,0.617,0.617,1.404,High,3.922,3.72,1.815,3.491,0.553
19-3022,"Survey researchers",1,1,8800,63380,0.844,0.844,1.427,High,4.06,3.94,1.69,3.589,0.625
19-3030,Psychologists,1,6,204300,94310,0.49,0.49,1.416,High,4.301,2.916,1.868,3.86,0.426
19-3041,Sociologists,1,1,3400,101690,0.615,0.615,1.411,High,4.185,2.435,1.5,3.374,0.538
19-3051,"Urban and regional planners",1,1,44700,83720,0.58,0.58,1.228,High,4.03,2.94,2.63,3.609,0.477
19-3091,"Anthropologists and archeologists",1,1,8800,64910,0.517,0.517,0.697,High,4.203,2.815,2.155,3.785,0.44
19-3092,Geographers,1,2,1500,97200,0.375,0.375,1.436,Medium,4,3,1.94,3.697,0.5
19-3093,Historians,1,1,3400,74050,0.5,0.5,1.099,High,4.25,1.81,1.5,3.359,0.474
19-3094,"Political scientists",1,1,6500,139380,0.542,0.542,1.419,High,4.125,2.565,1.5,3.34,0.479
19-4010,"Agricultural and food science technicians",1,7,38900,48480,0.31,0.31,0.096,Medium,3.67,3.093,2.188,3.25,0.383
19-4021,"Biological technicians",1,2,82700,52000,0.267,0.267,0.301,Low,3.718,3,2.06,3.447,0.417
19-4031,"Chemical technicians",1,7,57000,57790,0.393,0.393,0.063,Medium,3.69,2.94,2,3.483,0.393
19-4042,"Environmental science and protection technicians",1,7,40400,49490,0.422,0.422,0.083,Medium,3.657,2.81,2.22,3.244,0.456
19-4051,"Nuclear technicians",1,7,6000,104240,0.284,0.284,0.17,Medium,3.719,3.06,2.22,3.536,0.185
19-4092,"Forensic science technicians",1,2,20700,67440,0.194,0.194,0.24,Low,3.907,2.685,2.5,3.606,0.387
21-1012,"School and career counselors and advisors",13,1,376300,65140,0.325,0.325,0.974,Medium,4.123,2.375,1.81,3.573,0.289
21-1013,"Marriage and family therapists",13,1,77800,63780,0.278,0.278,1.367,Medium,4.125,2.12,1.625,3.766,0.111
21-1015,"Rehabilitation counselors",13,1,91900,46110,0.468,0.468,0.503,High,4,2.06,1.5,3.284,0.355
21-1018,"Substance abuse, behavioral disorder, and mental health counselors",13,1,483500,59190,0.325,0.325,1.043,Medium,4.136,2.147,1.662,3.589,0.242
21-1020,"Social workers",13,6,810900,61330,0.359,0.359,0.943,Medium,4.165,2.143,1.728,3.624,0.286
21-1091,"Health education specialists",13,2,71800,63000,0.5,0.5,0.692,High,4.095,2.12,1.88,3.339,0.532
21-1092,"Probation officers and correctional treatment specialists",13,2,92300,64520,0.447,0.447,0.527,Medium,3.81,1.88,1.565,3.286,0.395
21-1093,"Social and human service assistants",13,3,449600,45120,0.375,0.375,0.465,Medium,3.812,2.25,2.065,3.18,0.393
21-1094,"Community health workers",13,3,65100,51030,0.347,0.347,0.037,Medium,4,2.25,2.125,3.321,0.319
23-1011,Lawyers,12,4,864800,151160,0.475,0.475,1.329,High,4.5,2.5,1.75,3.84,0.425
23-1022,"Arbitrators, mediators, and conciliators",12,2,9100,67710,0.371,0.371,1.432,Medium,4,2,1.625,3.427,0.5
23-2011,"Paralegals and legal assistants",12,7,376200,61010,0.45,0.45,1.292,Medium,4.03,2.06,1.56,3.18,0.525
25-2011,"Preschool teachers",11,7,555100,37120,0.311,0.311,0.031,Medium,3.782,2.375,2.13,3.571,0.227
25-2022,"Middle school teachers",11,2,633700,62970,0.341,0.341,1.286,Medium,4,2.88,1.81,3.41,0.348
25-2031,"High school teachers",11,2,1094500,64580,0.341,0.341,1.191,Medium,4.062,2.875,1.94,3.64,0.333
25-2050,"Special education teachers",11,2,559500,64270,0.31,0.31,0.54,Medium,4.024,2.641,1.812,3.506,0.308
25-3011,"Adult basic and secondary education and ESL teachers",11,2,40900,59950,0.426,0.426,1.349,Medium,4.032,2.88,1.5,3.233,0.404
25-4010,"Archivists, curators, and museum workers",11,6,40200,57100,0.418,0.418,0.441,Medium,3.782,2.46,2.147,3.417,0.412
25-4022,"Librarians and library media specialists",11,1,142100,64320,0.5,0.5,1.037,High,3.91,2.31,1.625,3.429,0.535
25-9031,"Instructional coordinators",11,1,232600,74720,0.525,0.525,1.302,High,4.266,2.69,2,3.723,0.488
25-9045,"Teacher assistants",11,9,1422800,35240,0.299,0.299,0.452,Medium,3.378,1.88,1.685,2.947,0.388
27-1011,"Art directors",14,2,135000,111040,0.431,0.431,1.023,Medium,3.845,2.565,2.31,3.803,0.5
27-1014,"Special effects artists and animators",14,2,57100,99800,0.475,0.475,0.706,High,3.782,2.56,2.435,3.394,0.525
27-1021,"Industrial designers",14,2,30600,79450,0.414,0.414,0.867,Medium,3.625,2.69,2.5,3.554,0.466
27-1022,"Fashion designers",14,2,25700,80690,0.375,0.375,0.58,Medium,3.91,2.315,2.505,3.753,0.391
27-1023,"Floral designers",14,3,43800,36120,0.267,0.267,-0.272,Low,3.47,2.185,2.75,3.233,0.2
27-1024,"Graphic designers",14,2,265900,61300,0.411,0.411,0.716,Medium,3.688,2,2.19,3.391,0.5
27-1025,"Interior designers",14,2,87100,63490,0.362,0.362,1.122,Medium,3.938,2.94,2.875,3.643,0.5
27-1027,"Set and exhibit designers",14,2,31300,66280,0.359,0.359,-0.052,Medium,3.815,3.06,3.06,3.747,0.391
27-2011,Actors,15,9,57000,48526,0.156,0.156,0.159,Low,3.72,1.06,1.81,3.037,0.188
27-2012,"Producers and directors",15,2,167000,83480,0.437,0.437,0.939,Medium,4.032,2.449,2.05,3.616,0.47
27-2021,"Athletes and sports competitors",15,8,19100,62360,0,0,-1.814,Low,3.47,2.12,2.44,3.2,0
27-2022,"Coaches and scouts",15,2,306500,45920,0.144,0.144,0.117,Low,3.968,2.315,2.69,3.786,0.3
27-2023,"Umpires, referees, and other sports officials",15,3,19300,38820,0.167,0.167,-0.033,Low,3.188,2.44,2.25,2.949,0.312
27-2030,"Dancers and choreographers",15,6,17000,51022,0.107,0.107,-2.123,Low,3.454,1.815,2.782,3.322,0.146
27-2041,"Music directors and composers",15,2,47300,63670,0.281,0.281,0.883,Medium,3.549,2.095,1.842,3.421,0.711
27-2042,"Musicians and singers",15,8,169800,88296,0.133,0.133,-0.004,Low,3.189,1.658,1.91,3.046,0.408
27-3023,"News analysts, reporters, and journalists",2,2,49300,60280,0.633,0.633,1.175,High,4.093,1.968,1.685,3.5,0.65
27-3031,"Public relations specialists",2,2,315900,69780,0.788,0.788,1.285,High,4.127,2.06,1.625,3.463,0.591
27-3041,Editors,2,2,115800,75260,0.647,0.647,1.128,High,4.375,2.06,1.94,3.52,0.647
27-3042,"Technical writers",2,2,56400,91670,0.633,0.633,1.184,High,4,1.88,2.125,3.287,0.7
27-3043,"Writers and authors",2,2,135400,72270,0.774,0.774,0.988,High,4.108,1.872,1.782,3.456,0.877
27-3091,"Interpreters and translators",2,2,75300,59440,0.84,0.84,1.111,High,4.095,1.88,1.75,3.213,0.88
27-3092,"Court reporters and simultaneous captioners",12,5,17700,67310,0.521,0.521,1.111,High,4.095,1.88,1.75,3.213,0.958
27-4010,"Broadcast, sound, and video technicians",2,6,146100,56600,0.221,0.221,0.377,Low,3.624,2.22,2.034,3.224,0.386
27-4021,Photographers,2,3,151200,42520,0.219,0.219,-0.168,Low,3.472,2,2.685,3.247,0.385
27-4030,"Film and video editors and camera operators",2,2,79900,70570,0.327,0.327,0.269,Medium,3.39,2.185,2.655,3.322,0.476
29-1011,Chiropractors,7,4,57200,79000,0.318,0.318,-0.191,Medium,3.97,2.375,1.94,3.536,0.455
29-1020,Dentists,7,4,149300,179210,0.149,0.149,-0.104,Low,3.828,2.702,2.266,3.606,0.159
29-1031,"Dietitians and nutritionists",7,2,90900,73850,0.463,0.463,1.343,High,4,2.94,1.81,3.714,0.549
29-1041,Optometrists,7,4,47800,134830,0.05,0.05,0.504,Low,3.843,3,2,3.641,0.3
29-1051,Pharmacists,7,4,335100,137480,0.4,0.4,0.606,Medium,4.125,3.315,1.81,3.609,0.429
29-1071,"Physician assistants",7,1,162700,133260,0.11,0.11,0.106,Low,3.936,2.97,1.94,3.517,0.271
29-1081,Podiatrists,7,4,9700,152800,0.286,0.286,0.628,Medium,4,2.815,2.06,3.64,0.286
29-1122,"Occupational therapists",7,1,160000,98340,0.341,0.341,0.115,Medium,3.938,2.405,2.22,3.553,0.289
29-1123,"Physical therapists",7,4,267200,101020,0.34,0.34,-0.358,Medium,4,2.56,2.12,3.571,0.191
29-1124,"Radiation therapists",7,7,19200,101990,0.171,0.171,-0.219,Low,3.812,2.75,2.44,3.231,0.28
29-1125,"Recreational therapists",7,2,16100,60280,0.364,0.364,0.219,Medium,3.969,2.142,1.957,3.559,0.318
29-1126,"Respiratory therapists",7,7,139600,80450,0.19,0.19,-0.188,Low,3.782,2.88,1.94,3.503,0.202
29-1127,"Speech-language pathologists",7,1,187400,95410,0.39,0.39,1.146,Medium,4.002,2.435,1.81,3.75,0.451
29-1128,"Exercise physiologists",7,2,23900,58160,0.34,0.34,-0.033,Medium,4.03,2.88,1.935,3.627,0.26
29-1131,Veterinarians,7,4,86400,125510,0.23,0.23,-0.075,Low,3.815,2.88,2,3.657,0.27
29-1141,"Registered nurses",7,2,3391000,93600,0.335,0.335,0.229,Medium,4.018,2.765,1.898,3.654,0.38
29-1181,Audiologists,7,4,15800,92120,0.455,0.455,0.633,High,3.938,2.5,1.87,3.5,0.455
29-2010,"Clinical laboratory technologists and technicians",7,2,351200,61890,0.123,0.123,0.077,Low,3.547,2.883,1.962,3.268,0.254
29-2031,"Cardiovascular technologists and technicians",7,7,64700,67260,0.171,0.171,-0.091,Low,3.75,2.56,1.875,3.32,0.357
29-2032,"Diagnostic medical sonographers",7,7,90000,89340,0.289,0.289,-0.264,Medium,3.878,2.185,2,3.286,0.303
29-2033,"Nuclear medicine technologists",7,7,20000,97020,0.258,0.258,0.086,Low,3.812,3.12,1.94,3.359,0.29
29-2036,"Medical dosimetrists",7,2,4800,138110,0.3,0.3,-0.18,Medium,3.831,2.521,1.963,3.304,0.45
29-2040,"EMTs and paramedics",7,5,282900,46350,0.2,0.2,-0.686,Low,3.688,2.56,2.81,3.57,0.181
29-2052,"Pharmacy technicians",7,3,490400,43460,0.426,0.426,0.007,Medium,3.66,3.12,1.69,3.124,0.426
29-2056,"Veterinary technologists and technicians",7,7,134200,45980,0.148,0.148,-0.362,Low,3.688,3,1.94,3.394,0.164
29-2061,"Licensed practical and licensed vocational nurses",7,5,651400,62340,0.25,0.25,-0.514,Low,3.845,2.815,1.81,3.393,0.25
29-2072,"Medical records specialists",7,5,194800,50250,0.559,0.559,0.574,High,3.375,2.125,1.44,2.84,0.618
29-2081,Opticians,7,3,79900,46560,0.238,0.238,0.101,Low,3.875,2.75,1.94,3.123,0.286
29-2091,"Orthotists and prosthetists",7,1,10100,78310,0.19,0.19,0.067,Low,3.905,2.565,2.25,3.59,0.276
29-9091,"Athletic trainers",7,1,33900,60250,0.407,0.407,-0.331,Medium,3.843,2,2,3.589,0.279
29-9092,"Genetic counselors",7,1,4000,98910,0.632,0.632,1.528,High,4.062,3,1.81,3.623,0.5
31-2010,"Occupational therapy assistants and aides",7,6,54400,66050,0.153,0.153,-0.544,Low,3.721,2.152,1.78,3.161,0.254
31-2020,"Physical therapist assistants and aides",7,6,157100,60050,0.127,0.127,-0.707,Low,3.406,2.093,1.938,3.001,0.168
31-9011,"Massage therapists",7,5,168000,57950,0.185,0.185,-1.41,Low,3.375,1.75,1.56,2.947,0.074
31-9091,"Dental assistants",7,5,381900,47300,0.1,0.1,-0.527,Low,3.565,2.185,1.685,3.034,0.267
31-9092,"Medical assistants",7,5,811000,44200,0.141,0.141,0.15,Low,3.845,2.75,1.75,3.177,0.359
31-9094,"Medical transcriptionists",7,5,43900,37550,0.232,0.232,1.063,Low,4.03,1.94,1.31,2.767,0.875
31-9096,"Veterinary assistants and laboratory animal caretakers",7,3,117800,37320,0.148,0.148,-0.774,Low,3.125,2.815,1.69,2.784,0.222
31-9097,Phlebotomists,7,5,139700,43660,0.11,0.11,-0.278,Low,3.252,2.315,1.75,3.106,0.183
33-2011,Firefighters,16,5,344900,59530,0.088,0.088,-1.32,Low,3.501,2.09,3.282,3.329,0.14
33-2020,"Fire inspectors",16,6,17600,75480,0.38,0.38,-0.076,Medium,3.752,2.486,2.611,3.563,0.254
33-3010,"Correctional officers and bailiffs",16,3,406500,57950,0.2,0.2,-0.699,Low,3.421,1.75,1.905,2.901,0.149
33-9021,"Private detectives and investigators",16,3,43600,52370,0.389,0.389,0.748,Medium,3.94,2.44,2.065,3.517,0.389
33-9030,"Security guards and gambling surveillance officers",16,3,1272400,38390,0.281,0.281,0.169,Medium,3.329,1.91,1.935,2.956,0.302
35-1011,"Chefs and head cooks",20,3,197300,60990,0.262,0.262,-0.268,Low,3.56,3.12,1.94,3.446,0.262
35-2010,Cooks,20,6,2805100,35760,0.103,0.103,-0.694,Low,3.006,2.323,1.812,2.843,0.091
35-2021,"Food preparation workers",20,8,902700,34220,0.046,0.046,-1.226,Low,2.688,2,1.81,2.59,0.037
35-3011,Bartenders,20,8,756700,33530,0.139,0.139,-0.616,Low,3.407,2.375,1.875,2.966,0.194
35-3031,"Waiters and waitresses",20,8,2329700,33760,0.224,0.224,-0.948,Low,3.285,2.06,1.81,2.66,0.184
37-2011,"Janitors and building cleaners",21,8,2447700,35930,0.028,0.028,-1.436,Low,2.53,1.25,1.75,2.573,0
37-2021,"Pest control workers",21,3,102400,44730,0.229,0.229,-0.726,Low,3.593,2.75,2.81,3.267,0.25
39-5010,"Barbers, hairstylists, and cosmetologists",4,5,651200,35420,0.063,0.063,-0.706,Low,3.156,2.032,2.125,2.929,0.12
39-5092,"Manicurists and pedicurists",4,5,210100,34660,0.056,0.056,0.034,Low,2.625,1.565,1.75,2.551,0.083
39-5094,"Skincare specialists",4,5,97400,41560,0.106,0.106,-0.263,Low,3.502,1.5,1.625,2.966,0.197
39-6012,Concierges,4,3,45600,37320,0.7,0.7,0.856,High,3.625,2.12,1.87,3.247,0.467
39-7010,"Tour and travel guides",4,3,55800,36660,0.373,0.373,0.483,Medium,3.486,2.312,2.312,2.931,0.325
39-9011,"Childcare workers",4,3,991600,32050,0.34,0.34,-0.383,Medium,3.516,1.875,2.22,3.231,0.141
39-9031,"Fitness trainers and instructors",4,3,370100,46180,0.235,0.235,-2.112,Low,3.157,1.62,2,2.983,0.015
39-9032,"Recreation workers",4,3,327700,35380,0.25,0.25,-0.244,Low,3.625,2.185,1.81,3.193,0.238
41-2011,Cashiers,6,8,3157200,31190,0.36,0.36,-0.248,Medium,3.31,2.94,1.5,2.68,0.209
41-3011,"Advertising sales agents",6,3,103700,61460,0.692,0.692,1.163,High,3.875,2.75,2.13,3.123,0.538
41-3021,"Insurance sales agents",6,3,568800,60370,0.53,0.53,1.341,High,3.905,3.06,1.5,3.07,0.576
41-3031,"Securities, commodities, and financial services sales agents",6,2,514500,78140,0.519,0.519,1.256,High,3.856,3.19,1.52,3.447,0.606
41-3041,"Travel agents",6,3,65700,48450,0.562,0.562,1.134,High,3.72,2.94,1.625,3.124,0.562
41-9012,Models,6,8,6700,89990,0.4,0.4,-1.122,Medium,2.69,1.5,1.875,2.343,0.233
41-9020,"Real estate brokers and sales agents",6,3,532200,58960,0.416,0.416,1.007,Medium,3.812,2.688,2.062,3.089,0.469
41-9031,"Sales engineers",6,2,56800,121520,0.534,0.534,1.145,High,3.998,3.185,1.94,3.697,0.511
43-3011,"Bill and account collectors",3,3,166900,46040,0.429,0.429,1.272,Medium,3.655,2.685,1.56,2.806,0.696
43-3031,"Bookkeeping, accounting, and auditing clerks",3,9,1613400,49210,0.314,0.314,1.04,Medium,3.75,3.69,1.5,2.837,0.802
43-3071,Tellers,3,3,347400,39340,0.333,0.333,0.473,Medium,3.595,3.5,1.56,3.07,0.542
43-4051,"Customer service representatives",3,3,2814000,42830,0.705,0.705,0.956,High,3.86,2.407,1.5,3.196,0.568
43-4171,Receptionists,3,3,1007200,37230,0.583,0.583,1.013,High,3.69,2.62,1.56,2.697,0.533
43-5031,"Public safety telecommunicators",3,3,105200,50730,0.594,0.594,0.907,High,3.78,2.12,1.88,3.483,0.656
43-5050,"Postal service workers",3,8,500000,57870,0.25,0.25,-0.923,Low,3.074,2.228,1.79,2.713,0.215
43-9031,"Desktop publishers",3,7,5000,53620,0.484,0.484,0.344,High,3.562,2.44,2.81,3.643,0.645
43-9061,"General office clerks",3,3,2646000,43630,0.5,0.5,0.989,High,3.75,2.685,1.56,2.873,0.576
45-4011,"Forest and conservation workers",23,3,10800,43680,0.065,0.065,-1.064,Low,3.28,2.435,2.88,3.179,0.043
45-4020,"Logging workers",23,3,44300,49540,0.115,0.115,-1.092,Low,2.823,2.585,2.855,2.852,0.143
47-2011,Boilermakers,18,3,10400,73340,0,0,-1.098,Low,3.155,2.38,2.75,3.234,0.03
47-2031,Carpenters,18,3,959000,59310,0.089,0.089,-1.324,Low,3.046,2.782,3.06,3.124,0.144
47-2040,"Flooring installers and tile and stone setters",18,8,112300,52000,0.017,0.017,-1.46,Low,2.875,2.298,2.5,2.831,0.055
47-2070,"Construction equipment operators",18,3,539500,58320,0.029,0.029,-1.095,Low,2.676,2.04,2.917,2.727,0.018
47-2080,"Drywall installers, ceiling tile installers, and tapers",18,8,118600,58800,0.01,0.01,-1.594,Low,2.751,1.905,2.47,2.669,0.021
47-2111,Electricians,18,3,818700,62350,0.146,0.146,-0.78,Low,3.185,3,2.75,3.41,0.146
47-2121,Glaziers,18,3,60500,55440,0.031,0.031,-1.389,Low,2.815,2.315,2.5,2.803,0.083
47-2130,"Insulation workers",18,6,67400,50730,0.073,0.073,-1.444,Low,2.955,2.188,2.532,2.805,0.048
47-2141,"Painters, construction and maintenance",18,8,342200,48660,0.029,0.029,-1.588,Low,2.843,2.06,2.375,2.627,0.057
47-2152,"Plumbers, pipefitters, and steamfitters",18,3,504500,62970,0.064,0.064,-1.121,Low,3.17,2.628,2.875,3.223,0.075
47-2181,Roofers,18,8,166700,50970,0,0,-1.753,Low,2.78,2.06,2.5,2.857,0.04
47-2211,"Sheet metal workers",18,3,127000,60850,0.039,0.039,-1.175,Low,2.938,2.875,3,2.964,0.066
47-2231,"Solar photovoltaic installers",18,3,28600,51860,0.11,0.11,-0.944,Low,2.875,2.315,2.935,3.144,0.11
47-4011,"Construction and building inspectors",18,3,147600,72120,0.282,0.282,0.286,Medium,3.815,2.94,2.625,3.519,0.334
47-4021,"Elevator and escalator installers and repairers",18,3,24200,106580,0.079,0.079,-0.86,Low,3.472,2.125,2.755,3.287,0.184
47-4041,"Hazardous materials removal workers",18,3,51300,48490,0.032,0.032,-0.689,Low,3.562,2.44,2.685,3.341,0.081
49-3023,"Automotive service technicians and mechanics",19,5,805600,49670,0.073,0.073,-0.955,Low,3.064,2.093,2.688,3.213,0.082
49-3031,"Diesel service technicians and mechanics",19,3,319900,60640,0,0,-1.01,Low,2.905,2.06,2.56,3.141,0
49-3040,"Heavy vehicle and mobile equipment service technicians",19,3,245600,62740,0.121,0.121,-1.275,Low,2.969,2.523,2.895,3.077,0.104
49-3050,"Small engine mechanics",19,6,78000,48240,0.049,0.049,-0.848,Low,3.01,2.06,2.627,3.167,0.085
49-9021,"Heating, air conditioning, and refrigeration mechanics and installers",19,5,425200,59810,0.14,0.14,-0.849,Low,3.248,2.625,2.968,3.26,0.105
49-9051,"Electrical power-line installers and repairers",19,3,127400,92560,0,0,-1.081,Low,3.315,2.25,2.81,3.319,0
49-9062,"Medical equipment repairers",19,7,68000,62630,0.273,0.273,-0.277,Medium,3.125,2.94,2.5,3.306,0.303
49-9071,"General maintenance and repair workers",19,3,1629700,48620,0.078,0.078,-1.014,Low,3,2.12,2.75,2.979,0.137
49-9081,"Wind turbine technicians",19,5,13600,62580,0.043,0.043,-0.971,Low,3.25,2.06,2.75,3.25,0.043
51-3011,Bakers,22,8,249100,36650,0.118,0.118,-0.385,Low,2.968,2.25,1.94,2.929,0.265
51-3021,Butchers,22,8,143100,38960,0.026,0.026,-0.971,Low,2.81,2.56,2.19,2.747,0.132
51-4121,"Welders, cutters, solderers, and brazers",22,3,457300,51000,0.039,0.039,-1.198,Low,2.562,2,2.343,2.652,0.088
51-8010,"Power plant operators, distributors, and dispatchers",22,3,46600,103600,0.154,0.154,0.308,Low,3.781,2.647,2.272,3.412,0.283
51-8021,"Stationary engineers and boiler operators",22,3,33300,75190,0.105,0.105,-0.503,Low,3.405,2,2.375,3.034,0.163
51-8031,"Water and wastewater treatment plant and system operators",22,3,132400,58260,0.125,0.125,-0.445,Low,3.56,2.815,2.375,3,0.125
51-9061,"Quality control inspectors",22,3,598000,47460,0.177,0.177,-0.029,Low,3.44,2.5,1.81,2.927,0.417
51-9071,"Jewelers and precious stone and metal workers",22,3,35100,49140,0.134,0.134,-0.156,Low,2.782,2.625,2.082,3.035,0.205
51-9080,"Dental and ophthalmic laboratory technicians and medical appliance technicians",22,3,66800,45820,0.069,0.069,-0.363,Low,3.137,2.373,2.312,3.065,0.091
51-9120,"Painting and coating workers",22,6,174300,47390,0.02,0.02,-1.18,Low,2.689,1.937,2.25,2.638,0.022
51-9141,"Semiconductor processing technicians",22,3,31900,51180,0.062,0.062,-0.637,Low,3.315,2,2.25,2.914,0.234
53-2010,"Airline and commercial pilots",17,6,155400,198100,0.222,0.222,-0.194,Low,3.75,2.938,3.468,3.626,0.295
53-2021,"Air traffic controllers",17,7,24100,144580,0.307,0.307,1.153,Medium,4.125,3.06,2.69,3.966,0.341
53-2031,"Flight attendants",17,3,130800,67130,0.146,0.146,-0.762,Low,3.468,1.94,1.69,3.16,0.167
53-3032,"Heavy and tractor-trailer truck drivers",17,5,2235100,57440,0.173,0.173,-1.149,Low,2.878,2.185,3.375,2.891,0.279
